method,n_seeds,disco_mean,disco_std,hicspec_mean,hicspec_std,mse_mean,mse_std,ssim_mean,ssim_std
LR,3,0.8992711194367891,0.0,0.25797944501614417,9.369359949432686e-06,0.03634025471162413,0.0,0.2793517983567489,0.0
Bicubic,3,0.8992711194367891,0.0,0.2576116831602933,0.00036203153546288835,0.03634025471162413,0.0,0.2793517983567489,0.0
Gaussian,3,0.8940747369458947,0.0,0.2626906788471996,8.639138776170957e-07,0.03646936829838202,0.0,0.26346490452276217,0.0
HiCPlus,3,0.9283992185026766,0.0051929622811301345,0.25934962419183144,0.0010406009922046195,0.0021008093366462403,3.1210940370251626e-05,0.546644567955991,0.002111435554041187
SR-VAE,3,0.9329497181072847,0.0035675167601920475,0.2813364195386185,0.000909468397993686,0.0016698069286923663,7.633056721027074e-06,0.614522909559788,0.00042565280268371154
